instance_name,n_items,W_strip,H_strip,fitness,total_allocated_height,num_layers,num_rem_set,execution_time_s,peak_memory_mb,generations_run
bazaar-10-1.txt,10,10,10,1382.0,10,3,1,0.7957776000257581,37.05078125,50
bazaar-10-2.txt,10,10,10,1224.0,10,2,2,0.8509522000094876,37.05078125,50
bazaar-10-3.txt,10,10,10,1162.0,10,2,1,0.8946560999611393,37.05078125,50
bazaar-10-4.txt,10,10,10,1033.0,10,2,0,0.5532183999894187,37.078125,50
bazaar-10-5.txt,10,10,10,1254.0,10,2,1,0.5641622999683022,37.0859375,50
bazaar-10-6.txt,10,10,10,1316.0,10,2,1,0.649220300023444,37.0859375,50
bazaar-10-7.txt,10,10,10,1064.0,10,2,0,0.6272718999534845,37.08984375,50
bazaar-10-8.txt,10,10,10,1070.0,10,2,2,0.5643994999118149,37.08984375,50
bazaar-10-9.txt,10,10,10,1180.0,10,1,1,0.7317209000466391,37.08984375,50
bazaar-10-10.txt,10,10,10,1519.0,10,2,1,0.7839124000165612,37.08984375,50
bazaar-10-11.txt,10,10,10,1075.0,10,2,1,0.7676352999405935,37.08984375,50
bazaar-10-12.txt,10,10,10,1184.0,10,1,0,0.7392601000610739,37.08984375,50
bazaar-10-13.txt,10,10,10,1112.0,10,2,1,0.5610069000395015,37.08984375,50
bazaar-10-14.txt,10,10,10,1322.0,10,2,0,0.4298497000709176,37.08984375,50
bazaar-10-15.txt,10,10,10,1370.0,10,1,1,0.8398084999062121,37.08984375,50
bazaar-10-16.txt,10,10,10,1340.0,10,2,0,0.69357400003355,37.08984375,50
bazaar-10-17.txt,10,10,10,1360.0,10,2,0,0.7957112999865785,37.08984375,50
bazaar-10-18.txt,10,10,10,1266.0,10,3,2,0.8729297999525443,37.1015625,50
bazaar-10-19.txt,10,10,10,1520.0,10,2,4,0.8125024000182748,37.1015625,50
bazaar-10-20.txt,10,10,10,1468.0,10,2,1,1.1037145999725908,37.10546875,50
bazaar-10-21.txt,10,10,10,1150.0,10,2,2,1.0718998999800533,37.10546875,50
bazaar-10-22.txt,10,10,10,1330.0,10,2,1,0.7780780999455601,37.10546875,50
bazaar-10-23.txt,10,10,10,1153.0,10,3,1,0.9116192000219598,37.10546875,50
bazaar-10-24.txt,10,10,10,1199.0,10,3,0,0.6305407000472769,37.10546875,50
bazaar-10-25.txt,10,10,10,1060.0,10,1,0,0.7161490999860689,37.10546875,50
bazaar-20-1.txt,20,20,20,4712.0,20,2,0,1.2127973000751808,37.20703125,50
bazaar-20-2.txt,20,20,20,5168.0,20,2,2,1.7817962000845,37.29296875,50
bazaar-20-3.txt,20,20,20,4395.0,20,1,3,2.5181962000206113,37.328125,50
bazaar-20-4.txt,20,20,20,5743.0,20,3,2,2.627768100006506,37.328125,50
bazaar-20-5.txt,20,20,20,5166.0,20,3,0,2.0169832999818027,37.328125,50
bazaar-20-6.txt,20,20,20,5668.0,20,2,3,2.1261402000673115,37.37890625,50
bazaar-20-7.txt,20,20,20,5360.0,20,1,1,2.507849699934013,37.37890625,50
bazaar-20-8.txt,20,20,20,5648.0,19,3,2,2.3671830999664962,37.3828125,50
bazaar-20-9.txt,20,20,20,5084.0,19.07310197806746,2,0,1.9099985000211746,37.3828125,50
bazaar-20-10.txt,20,20,20,5212.0,20,2,0,2.0693607999710366,37.3828125,50
bazaar-20-11.txt,20,20,20,4726.0,19.507983787574467,2,2,2.510356599930674,37.3828125,50
bazaar-20-12.txt,20,20,20,4674.0,20,2,0,1.6425212000031024,37.39453125,50
bazaar-20-13.txt,20,20,20,5076.0,20,2,2,2.316990099963732,37.39453125,50
bazaar-20-14.txt,20,20,20,5940.0,20,1,5,2.466540699941106,37.39453125,50
bazaar-20-15.txt,20,20,20,4980.0,20,4,8,1.9017984000965953,37.39453125,50
bazaar-20-16.txt,20,20,20,5100.0,20,3,1,2.585045500076376,37.39453125,50
bazaar-20-17.txt,20,20,20,4962.0,20,3,1,2.319897700101137,37.39453125,50
bazaar-20-18.txt,20,20,20,5965.0,20,1,1,2.865185000002384,37.39453125,50
bazaar-20-19.txt,20,20,20,5510.0,20,3,1,1.8941098999930546,37.3359375,50
bazaar-20-20.txt,20,20,20,5584.0,20,1,2,2.0722677999874577,37.3359375,50
bazaar-20-21.txt,20,20,20,5008.0,20,2,0,2.273276099935174,37.3359375,50
bazaar-20-22.txt,20,20,20,5842.0,20,2,2,2.064883999992162,37.3359375,50
bazaar-20-23.txt,20,20,20,5414.0,20,4,4,1.9763535999227315,37.3359375,50
bazaar-20-24.txt,20,20,20,5221.0,20,2,1,1.9014465999789536,37.3359375,50
bazaar-20-25.txt,20,20,20,5217.0,20,2,10,2.3885360000422224,37.3359375,50
bazaar-30-1.txt,30,30,30,10053.0,30,2,1,3.7946644000476226,37.42578125,50
bazaar-30-2.txt,30,30,30,10365.0,30,4,11,3.3979515999089926,37.4609375,50
bazaar-30-3.txt,30,30,30,9936.0,30,3,3,4.08174809999764,37.4609375,50
bazaar-30-4.txt,30,30,30,10734.0,30,3,2,3.273317200015299,37.46875,50
bazaar-30-5.txt,30,30,30,9636.0,30,2,5,2.520509200054221,37.46875,50
bazaar-30-6.txt,30,30,30,10857.0,30,4,7,3.5810955999186262,37.46875,50
bazaar-30-7.txt,30,30,30,10836.0,30,3,11,2.7547649999614805,37.4765625,50
bazaar-30-8.txt,30,30,30,11012.0,30,1,7,3.268450599978678,37.4765625,50
bazaar-30-9.txt,30,30,30,9899.0,30,2,12,3.291851800051518,37.4765625,50
bazaar-30-10.txt,30,30,30,11019.0,30,2,13,3.7450776000041515,37.4765625,50
bazaar-30-11.txt,30,30,30,9998.0,30,2,5,3.7571214999770746,37.48046875,50
bazaar-30-12.txt,30,30,30,10618.0,30,3,7,4.078317499952391,37.484375,50
bazaar-30-13.txt,30,30,30,9800.0,30,3,5,3.4400323999579996,37.484375,50
bazaar-30-14.txt,30,30,30,10742.0,30,2,9,4.153341299970634,37.48828125,50
bazaar-30-15.txt,30,30,30,10282.0,30,2,6,3.9654040000168607,37.49609375,50
bazaar-30-16.txt,30,30,30,9928.0,30,2,11,3.6515431000152603,37.49609375,50
bazaar-30-17.txt,30,30,30,10704.0,30,2,11,3.5217682999791577,37.48046875,50
bazaar-30-18.txt,30,30,30,10661.0,30,4,4,3.6859085001051426,37.48046875,50
bazaar-30-19.txt,30,30,30,10668.0,30,2,6,3.7543790000490844,37.48046875,50
bazaar-30-20.txt,30,30,30,10881.0,30,2,7,3.656204200000502,37.48046875,50
bazaar-30-21.txt,30,30,30,10946.0,30,3,6,3.5335231000790372,37.48046875,50
bazaar-30-22.txt,30,30,30,10625.0,30,2,5,3.329069400089793,37.48046875,50
bazaar-30-23.txt,30,30,30,10125.0,30,2,6,3.0889324999880046,37.48046875,50
bazaar-30-24.txt,30,30,30,10666.0,30,2,7,4.541867300053127,37.48046875,50
bazaar-30-25.txt,30,30,30,10259.0,30,2,5,4.171242499956861,37.48046875,50
bazaar-40-1.txt,40,40,40,19769.0,40,5,8,7.637252599932253,37.71875,50
bazaar-40-2.txt,40,40,40,23503.0,40,2,16,6.606286099995486,37.71875,50
bazaar-40-3.txt,40,40,40,21060.0,40,3,17,7.4484601999865845,37.30078125,50
bazaar-40-4.txt,40,40,40,19439.0,40,2,16,8.413595699938014,37.32421875,50
bazaar-40-5.txt,40,40,40,23383.0,40,2,14,6.299185600015335,37.34765625,50
bazaar-40-6.txt,40,40,40,20307.0,40,5,13,6.855753100011498,37.35546875,50
bazaar-40-7.txt,40,40,40,18973.0,40,2,7,6.238768600043841,37.35546875,50
bazaar-40-8.txt,40,40,40,20288.0,40,2,11,8.486073200008832,37.36328125,50
bazaar-40-9.txt,40,40,40,19656.0,40,2,4,5.8768172999843955,37.36328125,50
bazaar-40-10.txt,40,40,40,19565.0,40,3,9,7.028591500013135,37.36328125,50
bazaar-40-11.txt,40,40,40,19576.0,40,2,3,5.822392000001855,37.36328125,50
bazaar-40-12.txt,40,40,40,20638.0,40,4,8,7.773459799936973,37.3828125,50
bazaar-40-13.txt,40,40,40,19463.0,40,2,3,8.818279700004496,37.3828125,50
bazaar-40-14.txt,40,40,40,19779.0,40,6,7,9.816952700028196,37.50390625,50
bazaar-40-15.txt,40,40,40,20382.0,40,2,0,6.794011199963279,37.50390625,50
bazaar-40-16.txt,40,40,40,20357.0,40,2,8,7.085320599959232,37.50390625,50
bazaar-40-17.txt,40,40,40,19771.0,40,2,7,6.72843020001892,37.50390625,50
bazaar-40-18.txt,40,40,40,19394.0,40,2,5,7.5306497000856325,37.50390625,50
bazaar-40-19.txt,40,40,40,18837.0,40,2,6,7.74685330002103,37.5546875,50
bazaar-40-20.txt,40,40,40,21385.0,40,4,17,8.646095199976116,37.5546875,50
bazaar-40-21.txt,40,40,40,19894.0,40,2,14,8.857803800026886,37.5546875,50
bazaar-40-22.txt,40,40,40,19598.0,40,5,7,9.172050599940121,37.5546875,50
bazaar-40-23.txt,40,40,40,19689.0,40,3,7,7.679314999957569,37.5546875,50
bazaar-40-24.txt,40,40,40,20868.0,40,2,8,7.660433400073089,37.5546875,50
bazaar-40-25.txt,40,40,40,21984.0,40,4,14,5.57721879996825,37.5546875,50
bazaar-50-1.txt,50,50,50,31583.0,50,3,17,15.435538399964571,37.76953125,50
bazaar-50-2.txt,50,50,50,31475.0,50,2,0,15.352856599958614,37.78515625,50
bazaar-50-3.txt,50,50,50,31749.0,50,3,0,18.69917679997161,37.78515625,50
bazaar-50-4.txt,50,50,50,37672.0,50,3,10,15.745087199960835,37.765625,50
bazaar-50-5.txt,50,50,50,35534.0,50,4,27,12.575625199940987,37.765625,50
bazaar-50-6.txt,50,50,50,34705.0,50,4,20,16.996107900049537,37.76953125,50
bazaar-50-7.txt,50,50,50,39116.0,50,4,13,15.569870400009677,37.7734375,50
bazaar-50-8.txt,50,50,50,36531.0,50,4,11,14.80555369996,37.7734375,50
bazaar-50-9.txt,50,50,50,35312.0,50,2,9,14.746552300057374,37.7734375,50
bazaar-50-10.txt,50,50,50,34650.0,50,3,9,12.948069699923508,37.7734375,50
bazaar-50-11.txt,50,50,50,33931.0,50,4,9,14.591080999933183,37.7734375,50
bazaar-50-12.txt,50,50,50,34930.0,50,4,5,18.877292299992405,37.7734375,50
bazaar-50-13.txt,50,50,50,33434.0,50,5,14,11.525220199953765,37.7734375,50
bazaar-50-14.txt,50,50,50,35387.0,50,3,3,15.91289959999267,37.83984375,50
bazaar-50-15.txt,50,50,50,40175.0,50,2,16,14.115953899919987,37.9140625,50
bazaar-50-16.txt,50,50,50,32784.0,50,2,4,14.837733599939384,37.3828125,50
bazaar-50-17.txt,50,50,50,34327.0,50,2,14,14.384008300025016,37.4296875,50
bazaar-50-18.txt,50,50,50,33494.0,50,6,26,19.602740000002086,37.57421875,50
bazaar-50-19.txt,50,50,50,32405.0,50,3,12,15.797043600003235,37.61328125,50
bazaar-50-20.txt,50,50,50,33302.0,50,2,13,17.27297200006433,37.61328125,50
bazaar-50-21.txt,50,50,50,33353.0,50,4,17,14.032391200074926,37.5859375,50
bazaar-50-22.txt,50,50,50,34120.0,50,5,12,12.151801300002262,37.5859375,50
bazaar-50-23.txt,50,50,50,35414.0,50,4,19,13.673973500030115,37.5859375,50
bazaar-50-24.txt,50,50,50,33339.0,50,2,12,12.401109299971722,36.37890625,50
bazaar-50-25.txt,50,50,50,36262.0,50,3,4,14.946580599993467,36.37890625,50
bazaar-60-1.txt,60,60,60,46200.0,60,5,20,19.56474750000052,36.59765625,50
bazaar-60-2.txt,60,60,60,47967.0,60,3,8,22.60327430011239,36.625,50
bazaar-60-3.txt,60,60,60,43313.0,60,2,19,18.13218189997133,36.625,50
bazaar-60-4.txt,60,60,60,48713.0,60,4,17,19.196481800056063,36.625,50
bazaar-60-5.txt,60,60,60,46811.0,60,2,14,13.509886499959975,36.625,50
bazaar-60-6.txt,60,60,60,43563.0,60,2,0,19.880866699968465,36.625,50
bazaar-60-7.txt,60,60,60,47849.0,60,2,20,18.625550900003873,36.625,50
bazaar-60-8.txt,60,60,60,46350.0,60,2,25,20.101774799986742,36.625,50
bazaar-60-9.txt,60,60,60,45136.0,59.88959478586632,3,26,11.296759800054133,36.625,50
bazaar-60-10.txt,60,60,60,45838.0,60,5,14,23.12114639999345,36.625,50
bazaar-60-11.txt,60,60,60,47253.0,60,3,7,18.892373600043356,36.625,50
bazaar-60-12.txt,60,60,60,44736.0,60,5,21,11.810024100006558,36.625,50
bazaar-60-13.txt,60,60,60,47283.0,60,2,10,16.208906700019725,36.625,50
bazaar-60-14.txt,60,60,60,48497.0,60,6,33,24.77241660002619,36.62890625,50
bazaar-60-15.txt,60,60,60,44769.0,60,2,16,19.386406200006604,36.62890625,50
bazaar-60-16.txt,60,60,60,46435.0,60,6,26,27.63533419999294,36.62890625,50
bazaar-60-17.txt,60,60,60,45422.0,60,2,17,17.814599100034684,36.62890625,50
bazaar-60-18.txt,60,60,60,47290.0,60,5,29,26.211571399937384,36.62890625,50
bazaar-60-19.txt,60,60,60,50091.0,60,3,33,18.51704880001489,36.62890625,50
bazaar-60-20.txt,60,60,60,44706.0,60,2,17,19.359825899940915,36.62890625,50
bazaar-60-21.txt,60,60,60,45959.0,60,4,39,22.558733899961226,36.62890625,50
bazaar-60-22.txt,60,60,60,42814.0,60,4,19,18.62895129993558,36.62890625,50
bazaar-60-23.txt,60,60,60,47887.0,60,4,19,18.75884069991298,36.62890625,50
bazaar-60-24.txt,60,60,60,44932.0,60,6,13,15.759447199990973,36.62890625,50
bazaar-60-25.txt,60,60,60,45969.0,60,3,2,12.5728695000289,36.62890625,50
bazaar-70-1.txt,70,70,70,56821.0,69.70690166588,3,32,20.92248519998975,36.67578125,50
bazaar-70-2.txt,70,70,70,59775.0,70,4,30,21.97868110006675,36.67578125,50
bazaar-70-3.txt,70,70,70,58700.0,70,4,12,16.288443300058134,36.67578125,50
bazaar-70-4.txt,70,70,70,60067.0,69.43624790445006,3,33,22.07863040000666,36.67578125,50
bazaar-70-5.txt,70,70,70,62413.0,70,4,43,21.234312499989755,36.67578125,50
bazaar-70-6.txt,70,70,70,57499.0,70,5,32,19.61297110002488,33.93359375,50
bazaar-70-7.txt,70,70,70,59694.0,70,4,51,15.743987299967557,33.93359375,50
bazaar-70-8.txt,70,70,70,64754.0,70,2,41,17.36221769999247,33.93359375,50
bazaar-70-9.txt,70,70,70,60188.0,70,9,34,16.451831500045955,33.93359375,50
bazaar-70-10.txt,70,70,70,60365.0,70,2,22,23.575311599997804,33.94140625,50
bazaar-70-11.txt,70,70,70,66902.0,70,2,37,20.162357699940912,33.94140625,50
bazaar-70-12.txt,70,70,70,55329.0,70,2,29,17.688857099972665,33.94140625,50
bazaar-70-13.txt,70,70,70,64315.0,70,3,31,16.908010100014508,33.94140625,50
bazaar-70-14.txt,70,70,70,56213.0,70,3,20,23.47847279999405,33.9453125,50
bazaar-70-15.txt,70,70,70,59777.0,70,2,25,21.090968600008637,33.9453125,50
bazaar-70-16.txt,70,70,70,59622.0,70,2,6,18.095128700020723,33.9453125,50
bazaar-70-17.txt,70,70,70,60849.0,70,4,45,18.647651299950667,33.9453125,50
bazaar-70-18.txt,70,70,70,56015.0,70,2,18,20.246495499974117,33.94140625,50
bazaar-70-19.txt,70,70,70,59712.0,70,5,32,25.90022020007018,33.94921875,50
bazaar-70-20.txt,70,70,70,61872.0,69.52911475802941,2,33,18.244469100027345,33.94921875,50
bazaar-70-21.txt,70,70,70,57869.0,70,2,19,23.049713500076905,33.85546875,50
bazaar-70-22.txt,70,70,70,57778.0,70,4,17,19.735390200046822,33.85546875,50
bazaar-70-23.txt,70,70,70,62765.0,70,5,32,16.313378200051375,33.85546875,50
bazaar-70-24.txt,70,70,70,59531.0,70,3,20,16.54927570000291,33.85546875,50
bazaar-70-25.txt,70,70,70,57250.0,70,5,22,16.95258159993682,33.85546875,50
bazaar-80-1.txt,80,80,80,81108.0,80,3,23,37.89258520002477,34.328125,50
bazaar-80-2.txt,80,80,80,89958.0,80,3,43,41.87974020000547,34.38671875,50
bazaar-80-3.txt,80,80,80,84159.0,80,4,24,36.123032499919645,34.4375,50
bazaar-80-4.txt,80,80,80,85952.0,80,2,13,30.397169700008817,34.44140625,50
bazaar-80-5.txt,80,80,80,83989.0,80,4,34,36.32278549997136,34.44921875,50
bazaar-80-6.txt,80,80,80,80502.0,80,2,29,40.33970729995053,34.48828125,50
bazaar-80-7.txt,80,80,80,81999.0,80,4,62,40.027422999963164,34.6015625,50
bazaar-80-8.txt,80,80,80,86543.0,80,2,28,45.202897000010125,34.6015625,50
bazaar-80-9.txt,80,80,80,85966.0,80,3,41,30.680089800036512,34.6015625,50
bazaar-80-10.txt,80,80,80,78486.0,80,2,17,39.727845299988985,34.6015625,50
bazaar-80-11.txt,80,80,80,87083.0,80,4,39,31.2765919000376,34.6015625,50
bazaar-80-12.txt,80,80,80,76936.0,80,2,26,40.36204959999304,34.60546875,50
bazaar-80-13.txt,80,80,80,86782.0,80,4,16,42.932014300022274,34.60546875,50
bazaar-80-14.txt,80,80,80,81456.0,80,3,18,42.71073519997299,34.60546875,50
bazaar-80-15.txt,80,80,80,91016.0,80,4,35,42.73684509994928,34.60546875,50
bazaar-80-16.txt,80,80,80,89502.0,80,4,14,38.94818639999721,34.60546875,50
bazaar-80-17.txt,80,80,80,84201.0,80,2,12,36.28483150003012,34.60546875,50
bazaar-80-18.txt,80,80,80,76454.0,80,4,42,41.388397600036114,34.60546875,50
bazaar-80-19.txt,80,80,80,80962.0,80,2,18,42.50146139995195,34.60546875,50
bazaar-80-20.txt,80,80,80,91603.0,80,3,35,47.63598800008185,34.65234375,50
bazaar-80-21.txt,80,80,80,80160.0,80,2,14,51.371922499965876,34.65234375,50
bazaar-80-22.txt,80,80,80,91928.0,80,4,27,44.650018899934366,34.65234375,50
bazaar-80-23.txt,80,80,80,85927.0,80,4,22,32.90380740002729,34.65234375,50
bazaar-80-24.txt,80,80,80,87883.0,80,5,20,38.58472849999089,34.65234375,50
bazaar-80-25.txt,80,80,80,85455.0,80,2,23,36.04631930007599,34.92578125,50
bazaar-90-1.txt,90,90,90,101039.0,90,3,24,39.95775970001705,34.93359375,50
bazaar-90-2.txt,90,90,90,103059.0,90,2,41,51.71284980000928,34.98046875,50
bazaar-90-3.txt,90,90,90,95346.0,90,2,37,43.21476250002161,35.05859375,50
bazaar-90-4.txt,90,90,90,107693.0,90,5,45,37.89134169998579,35.0625,50
bazaar-90-5.txt,90,90,90,103383.0,90,3,27,40.681719699990936,35.0625,50
bazaar-90-6.txt,90,90,90,95982.0,90,4,37,38.616688000038266,35.0625,50
bazaar-90-7.txt,90,90,90,102716.0,90,6,54,33.103673800011165,35.0625,50
bazaar-90-8.txt,90,90,90,102917.0,90,4,31,44.16178279998712,35.0625,50
bazaar-90-9.txt,90,90,90,104752.0,90,2,42,43.77610320004169,35.0625,50
bazaar-90-10.txt,90,90,90,97895.0,90,2,27,36.032635499956086,35.0625,50
bazaar-90-11.txt,90,90,90,96692.0,89.4821208020216,2,42,35.10670010000467,35.0625,50
bazaar-90-12.txt,90,90,90,103705.0,90,2,47,29.610905900015496,35.0625,50
bazaar-90-13.txt,90,90,90,106040.0,90,2,38,37.38838640006725,35.0625,50
bazaar-90-14.txt,90,90,90,105622.0,90,4,49,38.70901610003784,35.0625,50
bazaar-90-15.txt,90,90,90,105009.0,90,3,21,42.39728470006958,35.0625,50
bazaar-90-16.txt,90,90,90,98879.0,90,5,38,41.95130580000114,35.0625,50
bazaar-90-17.txt,90,90,90,101905.0,90,3,39,32.5816221999703,35.0625,50
bazaar-90-18.txt,90,90,90,101784.0,90,5,54,34.71875749994069,35.0625,50
bazaar-90-19.txt,90,90,90,94920.0,89.26247211702864,2,37,43.1680562000256,35.0625,50
bazaar-90-20.txt,90,90,90,104788.0,90,2,36,40.56435400003102,35.0625,50
bazaar-90-21.txt,90,90,90,101667.0,90,4,69,44.19153319997713,35.06640625,50
bazaar-90-22.txt,90,90,90,107285.0,90,3,29,32.638528599985875,35.06640625,50
bazaar-90-23.txt,90,90,90,102741.0,90,6,49,42.06177189992741,35.06640625,50
bazaar-90-24.txt,90,90,90,101837.0,90,2,23,34.10864049999509,35.06640625,50
bazaar-90-25.txt,90,90,90,105353.0,90,5,76,41.18445339996833,35.0078125,50
bazaar-100-1.txt,100,100,100,133688.0,100,5,31,48.20707549992949,35.09375,30
bazaar-100-2.txt,100,100,100,122017.0,100,2,19,44.123751000035554,35.09765625,30
bazaar-100-3.txt,100,100,100,131373.0,100,2,2,33.172927600098774,35.1015625,30
bazaar-100-4.txt,100,100,100,139593.0,100,2,22,35.71512630011421,35.1015625,30
bazaar-100-5.txt,100,100,100,130338.0,99.42129549171459,2,24,49.35843909997493,35.1875,30
bazaar-100-6.txt,100,100,100,139336.0,100,4,38,55.60661060002167,35.25,30
bazaar-100-7.txt,100,100,100,132750.0,100,2,27,55.37051000003703,35.25,30
bazaar-100-8.txt,100,100,100,134463.0,100,3,19,39.55755639995914,35.25,30
bazaar-100-9.txt,100,100,100,127188.0,100,6,63,36.840431199991144,35.2890625,30
bazaar-100-10.txt,100,100,100,135772.0,100,2,21,48.730913300067186,35.296875,30
bazaar-100-11.txt,100,100,100,130502.0,100,2,19,41.228861800045706,35.296875,30
bazaar-100-12.txt,100,100,100,114951.0,99.591823776171,2,45,41.564050199929625,35.296875,30
bazaar-100-13.txt,100,100,100,130770.0,99.09446010964339,3,35,39.576397600001656,35.296875,30
bazaar-100-14.txt,100,100,100,140100.0,100,2,4,47.4499155000085,35.296875,30
bazaar-100-15.txt,100,100,100,142220.0,100,2,55,48.9937995999353,29.09375,30
bazaar-100-16.txt,100,100,100,129992.0,99.56462224698733,2,38,62.36233859998174,25.24609375,30
bazaar-100-17.txt,100,100,100,129669.0,100.0,4,20,38.313015500083566,25.4296875,30
bazaar-100-18.txt,100,100,100,122196.0,99.99913529070902,3,24,27217.88819540001,6.40625,30
bazaar-100-19.txt,100,100,100,140746.0,100,3,33,77.37977030000184,20.29296875,30
bazaar-100-20.txt,100,100,100,131354.0,100,2,32,43.896761500043795,20.95703125,30
bazaar-100-21.txt,100,100,100,131388.0,99.92076417777815,2,24,44.98108219995629,20.97265625,30
bazaar-100-22.txt,100,100,100,138683.0,100.0,3,35,49.13772710005287,19.69921875,30
bazaar-100-23.txt,100,100,100,131824.0,100,7,67,40.422230200027116,19.79296875,30
bazaar-100-24.txt,100,100,100,117298.0,100,5,37,34.65087799995672,19.796875,30
bazaar-100-25.txt,100,100,100,123783.0,100,2,25,45.45360799995251,19.8359375,30
bazaar-110-1.txt,110,110,110,151734.0,110.0,2,53,54.78404349996708,21.71875,30
bazaar-110-2.txt,110,110,110,145479.0,109.46866967616009,2,36,77.89623279997613,21.26171875,30
bazaar-110-3.txt,110,110,110,149952.0,110,5,61,40.970793800079264,21.9765625,30
bazaar-110-4.txt,110,110,110,153414.0,110.0,3,40,50.893325299955904,21.78515625,30
bazaar-110-5.txt,110,110,110,161622.0,110,3,35,54.28415510000195,16.5859375,30
bazaar-110-6.txt,110,110,110,159859.0,109.67201232376628,3,41,40.28257410007063,12.65625,30
bazaar-110-7.txt,110,110,110,160919.0,110,5,22,57.71687929995824,12.671875,30
bazaar-110-8.txt,110,110,110,154722.0,110.0,2,49,41.684721800033,12.65625,30
bazaar-110-9.txt,110,110,110,146998.0,110,3,48,56.38332130003255,21.87109375,30
bazaar-110-10.txt,110,110,110,165436.0,110,4,40,53.1045230999589,12.06640625,30
bazaar-110-11.txt,110,110,110,152732.0,109.06762505922228,3,52,42.92712620005477,12.29296875,30
bazaar-110-12.txt,110,110,110,145134.0,110,5,74,44.53424459998496,12.32421875,30
bazaar-110-13.txt,110,110,110,148103.0,110,4,80,52.00640169996768,21.87890625,30
bazaar-110-14.txt,110,110,110,168831.0,110,3,66,58.80945229995996,21.76171875,30
bazaar-110-15.txt,110,110,110,151582.0,110.0,2,53,53.288517600041814,21.7109375,30
bazaar-110-16.txt,110,110,110,147969.0,110,5,82,48.777718400000595,20.97265625,30
bazaar-110-17.txt,110,110,110,144832.0,110,7,90,41.6496649000328,21.99609375,30
bazaar-110-18.txt,110,110,110,139923.0,110,2,39,55.9798561000498,22.109375,30
bazaar-110-19.txt,110,110,110,157778.0,109.51751195603252,2,47,41.146886299946345,21.796875,30
bazaar-110-20.txt,110,110,110,158375.0,110,3,19,70.77510820003226,21.7265625,30
bazaar-110-21.txt,110,110,110,158479.0,110,2,20,39.55607930000406,21.81640625,30
bazaar-110-22.txt,110,110,110,159135.0,110,4,60,39.49299830000382,21.94921875,30
bazaar-110-23.txt,110,110,110,154741.0,109.18739368505811,3,40,46.17278170003556,22.02734375,30
bazaar-110-24.txt,110,110,110,136545.0,110,3,50,32.68748660001438,21.0625,30
bazaar-110-25.txt,110,110,110,147663.0,110,6,79,53.447925099986605,21.0859375,30
bazaar-120-1.txt,120,120,120,175879.0,120.0,2,75,46.197645999956876,21.1953125,30
bazaar-120-2.txt,120,120,120,164419.0,120.0,2,59,69.53275290003512,22.1640625,30
bazaar-120-3.txt,120,120,120,174201.0,120,7,60,74.1732222000137,22.08984375,30
bazaar-120-4.txt,120,120,120,168537.0,120.0,2,67,43.468102500075474,21.11328125,30
bazaar-120-5.txt,120,120,120,190210.0,120,2,60,42.86218080006074,22.1875,30
bazaar-120-6.txt,120,120,120,187715.0,120,2,56,45.949202400050126,21.30078125,30
bazaar-120-7.txt,120,120,120,197182.0,120,2,52,34.8855611999752,21.92578125,30
bazaar-120-8.txt,120,120,120,168686.0,120,3,66,44.282718600006774,22.05859375,30
bazaar-120-9.txt,120,120,120,171105.0,120.0,2,56,47.737096500000916,15.64453125,30
bazaar-120-10.txt,120,120,120,188528.0,120,4,70,53.9912579000229,21.99609375,30
bazaar-120-11.txt,120,120,120,186503.0,119.95484640050171,2,55,46.574818600085564,22.125,30
bazaar-120-12.txt,120,120,120,159821.0,120,2,18,45.40480340004433,22.234375,30
bazaar-120-13.txt,120,120,120,178866.0,120,6,74,44.63910150004085,22.1171875,30
bazaar-120-14.txt,120,120,120,167649.0,119.02438961089081,3,57,38.7182160000084,21.97265625,30
bazaar-120-15.txt,120,120,120,187158.0,120,2,66,40.02540460007731,21.359375,30
bazaar-120-16.txt,120,120,120,170073.0,120,3,74,48.16417799994815,21.96875,30
bazaar-120-17.txt,120,120,120,184986.0,120.0,2,70,37.70075550000183,22.19921875,30
bazaar-120-18.txt,120,120,120,198071.0,120,2,68,42.16350130003411,21.30859375,30
bazaar-120-19.txt,120,120,120,181598.0,120,3,40,50.23313260008581,22.2109375,30
bazaar-120-20.txt,120,120,120,178558.0,119.25472849321086,2,50,64.2430562999798,22.19140625,30
bazaar-120-21.txt,120,120,120,183421.0,119.47683230786626,3,50,49.19873200007714,21.4140625,30
bazaar-120-22.txt,120,120,120,182599.0,120,2,26,63.07502949994523,22.31640625,30
bazaar-120-23.txt,120,120,120,173461.0,120,5,95,55.437194900005125,22.21875,30
bazaar-120-24.txt,120,120,120,169410.0,119.00753733483262,2,65,34.66495320003014,21.36328125,30
bazaar-120-25.txt,120,120,120,184185.0,120.0,2,69,42.67595009994693,22.0625,30
bazaar-130-1.txt,130,130,130,212238.0,129.63331818172645,3,40,97.77464700001292,22.46875,30
bazaar-130-2.txt,130,130,130,209853.0,129.91963310043351,3,19,119.1831216000719,22.72265625,30
bazaar-130-3.txt,130,130,130,219790.0,130,2,43,85.07156309997663,22.6875,30
bazaar-130-4.txt,130,130,130,218498.0,130,6,46,91.36338640004396,22.62890625,30
bazaar-130-5.txt,130,130,130,209686.0,130.0,2,62,76.92979860003106,22.8125,30
bazaar-130-6.txt,130,130,130,222804.0,130,2,46,101.12587119999807,22.69921875,30
bazaar-130-7.txt,130,130,130,217766.0,130,2,8,74.03476319997571,22.64453125,30
bazaar-130-8.txt,130,130,130,201253.0,130.0,2,60,50.319123999914154,22.64453125,30
bazaar-130-9.txt,130,130,130,210449.0,129.67751081038602,3,51,118.27051689999644,22.796875,30
bazaar-130-10.txt,130,130,130,209664.0,130.0,3,38,97.4321242000442,22.68359375,30
bazaar-130-11.txt,130,130,130,226223.0,130,3,31,100.41771109995898,16.14453125,30
bazaar-130-12.txt,130,130,130,210407.0,130,3,93,79.78409229998942,22.09375,30
bazaar-130-13.txt,130,130,130,226952.0,130,6,31,71.96824880002532,22.48828125,30
bazaar-130-14.txt,130,130,130,202211.0,130,2,25,135.37603949999902,13.91015625,30
bazaar-130-15.txt,130,130,130,208506.0,129.94644630898645,3,58,105.03336719993968,10.2421875,30
bazaar-130-16.txt,130,130,130,203660.0,130,4,28,104.76692929991987,21.58984375,30
bazaar-130-17.txt,130,130,130,220007.0,130,5,71,98.00948749994859,22.40625,30
bazaar-130-18.txt,130,130,130,215831.0,129.5006036264964,3,46,96.71942510001827,22.55078125,30
bazaar-130-19.txt,130,130,130,220903.0,130,7,90,101.202027500025,22.53515625,30
bazaar-130-20.txt,130,130,130,226802.0,130,2,34,94.6039710000623,21.62109375,30
bazaar-130-21.txt,130,130,130,248017.0,130,2,51,68.97357700008433,21.6875,30
bazaar-130-22.txt,130,130,130,231967.0,130,2,46,74.30811419989914,21.73828125,30
bazaar-130-23.txt,130,130,130,239368.0,130,5,65,89.66539769992232,22.66796875,30
bazaar-130-24.txt,130,130,130,213417.0,130,1,53,80.17382729996461,22.61328125,30
bazaar-130-25.txt,130,130,130,209844.0,130,2,32,68.85215209994931,22.67578125,30
bazaar-140-1.txt,140,140,140,240453.0,139.18547694567474,3,63,75.04731289995834,22.83203125,30
bazaar-140-2.txt,140,140,140,232413.0,140,6,47,81.52625520003494,23.109375,30
bazaar-140-3.txt,140,140,140,239065.0,140,5,100,117.6802646999713,20.31640625,30
bazaar-140-4.txt,140,140,140,244621.0,140,4,86,178.59373850002885,8.40625,30
bazaar-140-5.txt,140,140,140,245607.0,139.1345721552872,3,62,129.43464270001277,10.15625,30
bazaar-140-6.txt,140,140,140,232917.0,140.0,3,49,104.30095190007705,7.5078125,30
bazaar-140-7.txt,140,140,140,254597.0,140,2,54,116.08129529992584,8.05859375,30
bazaar-140-8.txt,140,140,140,230925.0,139.77822207011192,4,37,137.62677269999404,8.2890625,30
bazaar-140-9.txt,140,140,140,243683.0,139.76914943160392,2,24,93.32598090008833,8.05859375,30
bazaar-140-10.txt,140,140,140,241373.0,139.25203507275933,2,57,132.5729022999294,8.37109375,30
bazaar-140-11.txt,140,140,140,258811.0,139.6760749454451,2,64,153.44997930002864,8.69921875,30
bazaar-140-12.txt,140,140,140,230195.0,140.0,2,72,99.2234890999971,22.7734375,30
bazaar-140-13.txt,140,140,140,263168.0,140,3,68,83.44345629995223,22.80859375,30
bazaar-140-14.txt,140,140,140,228599.0,140,2,6,97.18453089997638,22.84765625,30
bazaar-140-15.txt,140,140,140,240430.0,140,7,107,154.95939480001107,22.8828125,30
bazaar-140-16.txt,140,140,140,241240.0,140,6,110,118.13807530002668,22.875,30
bazaar-140-17.txt,140,140,140,238499.0,140,2,61,100.57721569994465,8.5703125,30
bazaar-140-18.txt,140,140,140,250899.0,140,3,77,90.98392060003243,22.96875,30
bazaar-140-19.txt,140,140,140,248097.0,140,5,38,140.5366402999498,8.44921875,30
bazaar-140-20.txt,140,140,140,242126.0,140.0,2,65,115.11656480003148,10.25390625,30
bazaar-140-21.txt,140,140,140,274668.0,140,4,53,126.92403669992927,23.10546875,30
bazaar-140-22.txt,140,140,140,243176.0,140.0,3,62,115.88359500002116,21.88671875,30
bazaar-140-23.txt,140,140,140,257713.0,139.78672368677834,3,54,93.9051499000052,20.9765625,30
bazaar-140-24.txt,140,140,140,255517.0,140,2,78,70.62022549996618,22.91796875,30
bazaar-140-25.txt,140,140,140,238217.0,140,2,40,91.54006989998743,22.83984375,30
bazaar-150-1.txt,150,150,150,281480.0,150,2,43,100.96634250006173,23.046875,30
bazaar-150-2.txt,150,150,150,272482.0,149.69372297631423,2,80,96.74454879993573,22.8125,30
bazaar-150-3.txt,150,150,150,282462.0,149.73334353627524,3,57,143.80268750002142,22.92578125,30
bazaar-150-4.txt,150,150,150,266664.0,149.71337223170997,2,85,118.13821539992932,22.81640625,30
bazaar-150-5.txt,150,150,150,263552.0,149.271827937845,2,75,102.3097468999913,19.24609375,30
bazaar-150-6.txt,150,150,150,262196.0,149.93522300765255,3,75,78.4208093000343,9.63671875,30
bazaar-150-7.txt,150,150,150,285994.0,149.28280306220526,2,87,130.27300189994276,22.796875,30
bazaar-150-8.txt,150,150,150,252688.0,150.0,2,86,107.32282769994345,23.0390625,30
bazaar-150-9.txt,150,150,150,274847.0,149.58787962398526,2,75,99.57118800003082,17.05859375,30
bazaar-150-10.txt,150,150,150,292039.0,149.94462101815887,2,85,108.23087359999772,22.515625,30
bazaar-150-11.txt,150,150,150,295283.0,149.4001416529087,2,71,110.28064140002243,22.76171875,30
bazaar-150-12.txt,150,150,150,258843.0,149.27874766649785,2,83,99.12327599991113,22.828125,30
bazaar-150-13.txt,150,150,150,277875.0,149.21277381886287,2,68,130.14000010001473,8.6953125,30
bazaar-150-14.txt,150,150,150,261325.0,150,2,36,160.83764669997618,10.3515625,30
bazaar-150-15.txt,150,150,150,263071.0,150,6,77,116.0388898999663,23.03515625,30
bazaar-150-16.txt,150,150,150,270152.0,149.88935419613392,2,74,136.64083519997075,10.40625,30
bazaar-150-17.txt,150,150,150,281684.0,150,3,48,99.32568560005166,10.4296875,30
bazaar-150-18.txt,150,150,150,277059.0,150,2,63,85.85130779992323,23.0859375,30
bazaar-150-19.txt,150,150,150,273160.0,149.98362399521173,3,49,168.1410029999679,23.1875,30
bazaar-150-20.txt,150,150,150,288729.0,150,2,68,83.01899400004186,23.19140625,30
bazaar-150-21.txt,150,150,150,281828.0,150.0,2,82,102.83842249994632,23.1953125,30
bazaar-150-22.txt,150,150,150,278802.0,148,5,116,92.71270440006629,23.19921875,30
bazaar-150-23.txt,150,150,150,291194.0,150,3,53,106.23244329995941,23.19921875,30
bazaar-150-24.txt,150,150,150,275172.0,149.82291139433514,4,60,109.08319460006896,23.1875,30
bazaar-150-25.txt,150,150,150,278150.0,150,2,67,99.281366399955,23.19140625,30
bazaar-160-1.txt,160,160,160,317337.0,160,2,75,92.93439800001215,23.2890625,30
bazaar-160-2.txt,160,160,160,303279.0,160.0,2,101,91.74433889996726,23.14453125,30
bazaar-160-3.txt,160,160,160,305295.0,159.6766050474904,3,58,102.17300179996528,22.84375,30
bazaar-160-4.txt,160,160,160,293883.0,159.5472484015997,2,100,102.68751289998181,23.38671875,30
bazaar-160-5.txt,160,160,160,320632.0,159.3205646316655,2,89,84.76829340006225,23.390625,30
bazaar-160-6.txt,160,160,160,318568.0,160.0,3,64,110.59436460002325,22.84765625,30
bazaar-160-7.txt,160,160,160,312469.0,159.8775416523198,2,77,110.98772520001512,23.390625,30
bazaar-160-8.txt,160,160,160,295717.0,160.0,2,93,73.8466792999534,23.42578125,30
bazaar-160-9.txt,160,160,160,306320.0,159.61950614010857,3,84,83.96799789997749,23.42578125,30
bazaar-160-10.txt,160,160,160,319496.0,159.43620896464768,3,81,91.83507469994947,23.42578125,30
bazaar-160-11.txt,160,160,160,304936.0,159.0448237897647,4,73,59.94128010002896,22.890625,30
bazaar-160-12.txt,160,160,160,300159.0,160.0,3,84,69.31520280009136,23.4375,30
bazaar-160-13.txt,160,160,160,310992.0,159.84724782232655,4,70,80.02914040000178,23.42578125,30
bazaar-160-14.txt,160,160,160,303900.0,159.90683702144995,3,61,127.02304820006248,23.42578125,30
bazaar-160-15.txt,160,160,160,293882.0,159.13578738777628,3,84,90.97710330004338,23.4296875,30
bazaar-160-16.txt,160,160,160,318648.0,160,2,57,107.81532110006083,23.22265625,30
bazaar-160-17.txt,160,160,160,289800.0,159.73885383163383,2,93,114.98732960002962,23.4296875,30
bazaar-160-18.txt,160,160,160,312720.0,159.53675312368023,3,83,108.32063570001628,23.44140625,30
bazaar-160-19.txt,160,160,160,330782.0,159.1907793242785,2,99,99.19505400001071,23.4453125,30
bazaar-160-20.txt,160,160,160,327579.0,159.1790643383419,2,84,104.65198860003147,23.44921875,30
bazaar-160-21.txt,160,160,160,339849.0,159.12635028392324,2,93,90.09738000005018,23.44921875,30
bazaar-160-22.txt,160,160,160,294109.0,160.0,2,93,101.3148623999441,23.44921875,30
bazaar-160-23.txt,160,160,160,345309.0,159.4791286593136,3,84,82.8975422999356,23.44921875,30
bazaar-160-24.txt,160,160,160,318491.0,159.35819746740023,2,96,105.00071519997437,23.44921875,30
bazaar-160-25.txt,160,160,160,295265.0,159.46886338469267,2,107,77.8742338999873,23.44921875,30
bazaar-170-1.txt,170,170,170,368929.0,169.8384126231092,3,76,147.8164369999431,23.859375,30
bazaar-170-2.txt,170,170,170,363503.0,169.975618943578,2,62,165.19992829998955,23.92578125,30
bazaar-170-3.txt,170,170,170,349857.0,170.0,3,70,132.9635519000003,23.9296875,30
bazaar-170-4.txt,170,170,170,378470.0,169.44653597700133,2,78,148.84992159996182,23.92578125,30
bazaar-170-5.txt,170,170,170,361100.0,169.35455829735628,3,69,153.2060151998885,23.92578125,30
bazaar-170-6.txt,170,170,170,368879.0,169.20424386172823,3,59,164.34066360001452,23.8203125,30
bazaar-170-7.txt,170,170,170,378576.0,170,5,81,183.75090029998682,25.09765625,30
bazaar-170-8.txt,170,170,170,376911.0,169.69056424987525,3,41,151.09010000003036,25.25,30
bazaar-170-9.txt,170,170,170,363315.0,170,2,78,149.8972800000338,25.078125,30
bazaar-170-10.txt,170,170,170,379961.0,170.0,3,77,149.6108529000776,25.01953125,30
bazaar-170-11.txt,170,170,170,363091.0,169.21574264829442,2,65,114.77930920000654,25.07421875,30
bazaar-170-12.txt,170,170,170,357939.0,170,3,69,163.32400829996914,25.22265625,30
bazaar-170-13.txt,170,170,170,392696.0,169.8276353294286,2,90,146.75191270001233,25.2421875,30
bazaar-170-14.txt,170,170,170,366848.0,170,3,23,158.66549899999518,25.23828125,30
bazaar-170-15.txt,170,170,170,344689.0,170.0,3,74,172.84822739998344,25.23828125,30
bazaar-170-16.txt,170,170,170,363127.0,170,2,68,147.23902550002094,24.6953125,30
bazaar-170-17.txt,170,170,170,361761.0,170,6,126,116.77732520003337,25.1171875,30
bazaar-170-18.txt,170,170,170,357062.0,169.06804993559587,4,43,146.59838910005055,25.32421875,30
bazaar-170-19.txt,170,170,170,378863.0,169.6779235807757,3,64,138.6806854000315,25.33203125,30
bazaar-170-20.txt,170,170,170,372845.0,169.79102941136435,2,74,145.1391575000016,25.1171875,30
bazaar-170-21.txt,170,170,170,391990.0,170,2,61,112.00236389995553,24.890625,30
bazaar-170-22.txt,170,170,170,360797.0,169.66209129550634,2,68,106.33273799996823,25.06640625,30
bazaar-170-23.txt,170,170,170,389264.0,170,2,68,141.32625300006475,24.890625,30
bazaar-170-24.txt,170,170,170,373224.0,170,2,91,96.22406650008634,24.6796875,30
bazaar-170-25.txt,170,170,170,375547.0,169.78958389226892,3,61,130.82399429997895,24.90625,30
bazaar-180-1.txt,180,180,180,392229.0,179.30930122157253,3,76,96.74074740009382,25.05078125,30
bazaar-180-2.txt,180,180,180,400150.0,179.7996097665923,3,36,192.598167499993,24.7421875,30
bazaar-180-3.txt,180,180,180,383792.0,180.0,3,77,118.58523910003714,25.09765625,30
bazaar-180-4.txt,180,180,180,425585.0,180,3,42,107.98269840003923,25.22265625,30
bazaar-180-5.txt,180,180,180,417697.0,180,2,49,118.57758979999926,25.03515625,30
bazaar-180-6.txt,180,180,180,418624.0,180,3,59,133.91750490001868,25.2265625,30
bazaar-180-7.txt,180,180,180,422978.0,180,2,65,155.81330989999697,25.25,30
bazaar-180-8.txt,180,180,180,408784.0,179.34279931847078,3,61,135.52803619997576,25.29296875,30
bazaar-180-9.txt,180,180,180,404915.0,180,6,159,144.01349259994458,25.08984375,30
bazaar-180-10.txt,180,180,180,393120.0,180,2,68,165.24389240005985,25.2265625,30
bazaar-180-11.txt,180,180,180,403931.0,179.62327546171656,2,92,117.13530470000114,24.8125,30
bazaar-180-12.txt,180,180,180,391916.0,180,3,110,105.06696369999554,24.80859375,30
bazaar-180-13.txt,180,180,180,421135.0,179.81881091289034,3,71,116.30372319999151,24.8125,30
bazaar-180-14.txt,180,180,180,442141.0,180,3,45,132.60526990005746,25.33203125,30
bazaar-180-15.txt,180,180,180,375240.0,179.04096789916838,3,55,108.25479839998297,26.46875,30
bazaar-180-16.txt,180,180,180,421142.0,180.0,2,96,144.6946132000303,25.33203125,30
bazaar-180-17.txt,180,180,180,383894.0,179.15361793906823,2,96,141.27889459999278,24.546875,30
bazaar-180-18.txt,180,180,180,431489.0,180,3,67,202.37323899997864,23.734375,30
bazaar-180-19.txt,180,180,180,421538.0,180,3,73,215.17020289995708,24.28515625,30
bazaar-180-20.txt,180,180,180,390288.0,180,2,87,190.46250140003394,23.7265625,30
bazaar-180-21.txt,180,180,180,432990.0,179.88692656163158,4,80,105.62381909997202,23.78515625,30
bazaar-180-22.txt,180,180,180,408541.0,179.97652541502927,3,77,137.71913979994133,24.33203125,30
bazaar-180-23.txt,180,180,180,416333.0,179.4857198599475,2,70,123.23202300001867,24.33984375,30
bazaar-180-24.txt,180,180,180,400168.0,180.0,2,100,145.3119524999056,24.3046875,30
bazaar-180-25.txt,180,180,180,411511.0,179.15693212522999,2,108,147.48252740001772,18.66796875,30
bazaar-190-1.txt,190,190,190,459512.0,189.61517991035234,3,71,304.6000871999422,24.015625,30
bazaar-190-2.txt,190,190,190,438642.0,190,2,81,206.83459720003884,24.5546875,30
bazaar-190-3.txt,190,190,190,458458.0,190,3,39,256.0575188000221,11.56640625,30
bazaar-190-4.txt,190,190,190,445853.0,189.35278768707522,3,82,173.89402220002376,24.44921875,30
bazaar-190-5.txt,190,190,190,458535.0,190,2,90,133.95966109994333,24.03515625,30
bazaar-190-6.txt,190,190,190,451975.0,190,3,117,151.07795589999296,23.91015625,30
bazaar-190-7.txt,190,190,190,465214.0,189.20038874308264,3,83,198.8981229000492,24.07421875,30
bazaar-190-8.txt,190,190,190,437491.0,190,2,89,203.4821769000264,24.41796875,30
bazaar-190-9.txt,190,190,190,441180.0,190.0,4,77,184.67952440003864,24.0390625,30
bazaar-190-10.txt,190,190,190,449323.0,189.84181863603243,4,89,217.31954779999796,24.51171875,30
bazaar-190-11.txt,190,190,190,451946.0,190.0,2,91,253.98275920003653,11.60546875,30
bazaar-190-12.txt,190,190,190,418941.0,189.48315692176078,3,103,167.61782869999297,24.578125,30
bazaar-190-13.txt,190,190,190,469084.0,189.0042463501248,3,102,167.14395529998,24.5625,30
bazaar-190-14.txt,190,190,190,462219.0,190,2,24,206.5618505999446,23.74609375,30
bazaar-190-15.txt,190,190,190,502619.0,190,5,144,178.7576346999267,24.4921875,30
bazaar-190-16.txt,190,190,190,469010.0,189.91180459424714,3,99,196.4615938999923,25.484375,30
bazaar-190-17.txt,190,190,190,424854.0,190,5,143,129.12766999995802,24.5234375,30
bazaar-190-18.txt,190,190,190,471750.0,190,2,92,194.31860640004743,24.00390625,30
bazaar-190-19.txt,190,190,190,468867.0,190,2,77,215.44610280008055,24.46875,30
bazaar-190-20.txt,190,190,190,446796.0,189.14930909615467,3,86,221.65853810007684,24.50390625,30
bazaar-190-21.txt,190,190,190,468483.0,190.0,2,101,221.1057120000478,23.8828125,30
bazaar-190-22.txt,190,190,190,426744.0,190.0,3,92,176.5632300999714,24.515625,30
bazaar-190-23.txt,190,190,190,467861.0,190,5,165,114.60116399999242,25.66015625,30
bazaar-190-24.txt,190,190,190,449750.0,189.00373778622603,3,107,6070.561082000029,9.49609375,30
bazaar-190-25.txt,190,190,190,452829.0,189.50862982361508,3,100,157.4428198999958,24.35546875,30
bazaar-200-1.txt,200,200,200,494219.0,200.0,2,89,245.8644709000364,24.421875,30
bazaar-200-2.txt,200,200,200,484020.0,200,2,84,186.96827789989766,24.48828125,30
bazaar-200-3.txt,200,200,200,515561.0,200,2,85,206.41323099995498,25.13671875,30
bazaar-200-4.txt,200,200,200,575287.0,200,2,79,227.33809309999924,24.58203125,30
bazaar-200-5.txt,200,200,200,522409.0,199.39951685462717,3,78,158.5075403000228,25.125,30
bazaar-200-6.txt,200,200,200,488633.0,199.1476520225596,4,63,265.1987249000231,25.08203125,30
bazaar-200-7.txt,200,200,200,527341.0,199.17198775266098,2,67,224.09050799999386,25.125,30
bazaar-200-8.txt,200,200,200,497240.0,199.42968365543177,3,107,3031.1807997999713,10.3671875,30
bazaar-200-9.txt,200,200,200,510749.0,199.5468992127034,4,63,202.23417619999964,25.00390625,30
bazaar-200-10.txt,200,200,200,573846.0,200,5,119,162.43409699993208,24.984375,30
bazaar-200-11.txt,200,200,200,540584.0,200.0,4,82,224.92063220008276,25.08203125,30
bazaar-200-12.txt,200,200,200,502355.0,199.55462159829986,3,73,184.24358649994247,24.5546875,30
bazaar-200-13.txt,200,200,200,539697.0,199.50566043189684,4,72,186.62967559997924,25.0859375,30
bazaar-200-14.txt,200,200,200,539760.0,199.20710636613438,3,56,268.0835828999989,26.3125,30
bazaar-200-15.txt,200,200,200,554603.0,199.9585141586697,2,105,221.81880740006454,26.2734375,30
bazaar-200-16.txt,200,200,200,540196.0,199.990227798941,2,72,182.59311670006718,27.578125,30
bazaar-200-17.txt,200,200,200,506374.0,200,5,134,2173.8104826000053,17.78125,30
bazaar-200-18.txt,200,200,200,522728.0,200,3,72,311.77381119993515,24.35546875,30
bazaar-200-19.txt,200,200,200,542128.0,199.2475635730416,2,85,264.5381934000179,24.9921875,30
bazaar-200-20.txt,200,200,200,518506.0,199.66233227962306,2,45,333.2892407999607,24.99609375,30
bazaar-200-21.txt,200,200,200,556355.0,200,3,95,319.36847270000726,25.0234375,30
bazaar-200-22.txt,200,200,200,498109.0,199.43608888603447,4,71,296.53451109991875,24.96484375,30
bazaar-200-23.txt,200,200,200,534309.0,199.28126086892428,2,88,380.31696190009825,25.01171875,30
bazaar-200-24.txt,200,200,200,506153.0,200,2,81,291.59136520000175,24.51171875,30
bazaar-200-25.txt,200,200,200,491397.0,199.0690339279446,2,103,326.3715545999585,19.3984375,30
bazaar-300-1.txt,300,300,300,1208492.0,299.63883145039665,4,114,709.6613905000268,22.859375,30
bazaar-300-2.txt,300,300,300,1061327.0,300.0,2,186,786.9764800999546,30.296875,30
bazaar-300-3.txt,300,300,300,1074965.0,300,2,130,651.0317162000574,30.34375,30
bazaar-300-4.txt,300,300,300,1241415.0,300,3,84,749.0092291999608,30.51953125,30
bazaar-300-5.txt,300,300,300,1149333.0,300,10,186,633.8745802999474,28.37890625,30
bazaar-300-6.txt,300,300,300,1083891.0,299.06200331137717,2,130,491.1009848000249,30.453125,30
bazaar-300-7.txt,300,300,300,1198840.0,300,2,149,725.8132968000136,30.76953125,30
bazaar-300-8.txt,300,300,300,1120153.0,300,2,166,608.6224522000412,30.70703125,30
bazaar-300-9.txt,300,300,300,1194155.0,300,2,128,567.5596421000082,31.234375,30
bazaar-300-10.txt,300,300,300,1121368.0,300,3,120,490.8784561000066,32.0703125,30
bazaar-300-11.txt,300,300,300,1187064.0,300,3,86,488.0557114999974,31.0859375,30
bazaar-300-12.txt,300,300,300,1204063.0,300,2,141,499.1485668999376,30.8203125,30
bazaar-300-13.txt,300,300,300,1169847.0,300,3,86,698.97735619999,30.04296875,30
bazaar-300-14.txt,300,300,300,1113598.0,299.1093675209671,3,108,629.0579466999043,30.4765625,30
bazaar-300-15.txt,300,300,300,1113401.0,300,4,81,923.0981254000217,15.34375,30
bazaar-300-16.txt,300,300,300,1233008.0,299.33996459796765,2,169,671.2070492999628,17.70703125,30
bazaar-300-17.txt,300,300,300,1133178.0,300.0,2,161,983.6529293999774,29.83984375,30
bazaar-300-18.txt,300,300,300,1214979.0,300,3,121,704.7280695999507,30.18359375,30
bazaar-300-19.txt,300,300,300,1216273.0,300,3,87,1176.0350293000229,15.56640625,30
bazaar-300-20.txt,300,300,300,1089449.0,299.6360639755081,2,173,1019.9870399000356,29.99609375,30
bazaar-300-21.txt,300,300,300,1144163.0,300,2,130,828.5772073999979,31.83203125,30
bazaar-300-22.txt,300,300,300,1247230.0,300,3,114,803.4563737999415,29.953125,30
bazaar-300-23.txt,300,300,300,1172124.0,300.0,2,137,877.5672432000283,31.140625,30
bazaar-300-24.txt,300,300,300,1128258.0,300,3,148,826.8551114000147,31.703125,30
bazaar-300-25.txt,300,300,300,1105418.0,300,2,102,595.8721352999564,32.5625,30
bazaar-400-1.txt,400,400,400,2055161.0,400,5,171,1708.1162644999567,36.52734375,30
bazaar-400-2.txt,400,400,400,1876895.0,400,2,203,1730.7849661000073,37.05078125,30
bazaar-400-3.txt,400,400,400,1992348.0,399.5648022327412,3,176,2199.4912231999915,37.3359375,30
bazaar-400-4.txt,400,400,400,2230534.0,400,3,152,2116.0710502000293,35.4609375,30
bazaar-400-5.txt,400,400,400,2055846.0,400,2,176,1388.3597027000505,37.265625,30
bazaar-400-6.txt,400,400,400,1975940.0,400,3,184,1442.797053599963,37.71875,30
bazaar-400-7.txt,400,400,400,2152541.0,400,3,177,1136.8325512999436,37.0546875,30
bazaar-400-8.txt,400,400,400,2156951.0,400,3,81,1588.0366867999546,37.98828125,30
bazaar-400-9.txt,400,400,400,2048261.0,400,2,149,1385.3332692999393,38.59765625,30
bazaar-400-10.txt,400,400,400,2179980.0,399.5644079643632,3,183,1699.5963422999484,36.6640625,30
bazaar-400-11.txt,400,400,400,2098861.0,400,4,123,1550.5323068000143,37.59375,30
bazaar-400-12.txt,400,400,400,1985146.0,400,3,161,1778.312433800078,36.36328125,30
bazaar-400-13.txt,400,400,400,2223547.0,400,5,106,1498.1750505999662,38.375,30
bazaar-400-14.txt,400,400,400,2098030.0,400,2,157,1398.0318423999706,37.390625,30
bazaar-400-15.txt,400,400,400,2172605.0,400,2,174,1571.1008834000677,37.5546875,30
bazaar-400-16.txt,400,400,400,2175523.0,400,8,283,1451.6416503000073,38.140625,30
bazaar-400-17.txt,400,400,400,2027204.0,400,3,148,1501.1198358000256,36.49609375,30
bazaar-400-18.txt,400,400,400,2195810.0,400,2,131,1259.2449249000056,35.96484375,30
bazaar-400-19.txt,400,400,400,2199924.0,400,3,186,1446.8230088000419,36.0703125,30
bazaar-400-20.txt,400,400,400,2057578.0,399.252281969538,3,186,1406.454161199974,37.56640625,30
bazaar-400-21.txt,400,400,400,2235231.0,399.4358095596587,3,164,1591.1272997000488,36.59765625,30
bazaar-400-22.txt,400,400,400,2030290.0,399.52160809742867,3,212,1903.8949100000318,36.69140625,30
bazaar-400-23.txt,400,400,400,2064097.0,400.0,4,212,1482.9180278000422,36.35546875,30
bazaar-400-24.txt,400,400,400,1979043.0,399.7880382295675,2,186,1129.7691857001046,36.82421875,30
bazaar-400-25.txt,400,400,400,1950197.0,399.4597519356284,2,193,2099.1846325000515,36.01171875,30
bazaar-500-1.txt,500,500,500,2962199.0,500,3,172,3128.5426362999715,43.203125,30
bazaar-500-2.txt,500,500,500,2842522.0,499.70917059385295,3,281,2049.4060485000955,43.09375,30
bazaar-500-3.txt,500,500,500,3082989.0,500,2,166,1784.5101828000043,44.16796875,30
bazaar-500-4.txt,500,500,500,3290921.0,500,3,190,2359.1872354000807,42.3359375,30
bazaar-500-5.txt,500,500,500,3201815.0,500,2,218,1441.383171799942,45.5078125,30
bazaar-500-6.txt,500,500,500,2980817.0,500,3,219,1706.8548180999933,45.89453125,30
bazaar-500-7.txt,500,500,500,3209621.0,500.0,2,320,1504.8491386999376,46.05859375,30
bazaar-500-8.txt,500,500,500,3121647.0,500,4,177,1574.0531638000393,46.06640625,30
bazaar-500-9.txt,500,500,500,3287631.0,500,2,307,1385.0309970000526,46.06640625,30
bazaar-500-10.txt,500,500,500,3221344.0,500,2,247,1545.7375081999926,46.9140625,30
bazaar-500-11.txt,500,500,500,3174170.0,499.67198815431067,3,178,1544.1939100000309,46.14453125,30
bazaar-500-12.txt,500,500,500,3298933.0,499.646825777641,2,301,1572.117228899966,46.06640625,30
bazaar-500-13.txt,500,500,500,3184246.0,500,3,243,1927.8798382999375,45.54296875,30
bazaar-500-14.txt,500,500,500,3210352.0,499.6975430975028,3,258,2044.0319247000152,43.69140625,30
bazaar-500-15.txt,500,500,500,3243749.0,499.35195587929894,3,245,2169.414156700019,44.6015625,30
bazaar-500-16.txt,500,500,500,3260919.0,499.93645796256476,4,278,2796.507573000039,43.859375,30
bazaar-500-17.txt,500,500,500,2881755.0,500.0,2,332,2052.336401700042,43.94140625,30
bazaar-500-18.txt,500,500,500,3009790.0,499.41802099933864,4,296,2002.2849996000296,43.30859375,30
bazaar-500-19.txt,500,500,500,3219066.0,500,3,213,1847.1255299999611,42.828125,30
bazaar-500-20.txt,500,500,500,3545591.0,500,2,275,1533.1240164999617,42.95703125,30
bazaar-500-21.txt,500,500,500,3382455.0,499.3575711058087,4,201,2344.789930399973,44.10546875,30
